{"v":"5.6.6","fr":10,"ip":0,"op":21,"w":362,"h":650,"nm":"2444301629950_00000","ddd":0,"assets":[{"id":"image_0","w":362,"h":650,"u":"images/","p":"img_0.jpg","e":0},{"id":"image_1","w":362,"h":650,"u":"images/","p":"img_1.jpg","e":0},{"id":"image_2","w":362,"h":650,"u":"images/","p":"img_2.jpg","e":0},{"id":"image_3","w":362,"h":650,"u":"images/","p":"img_3.jpg","e":0},{"id":"image_4","w":362,"h":650,"u":"images/","p":"img_4.jpg","e":0},{"id":"image_5","w":362,"h":650,"u":"images/","p":"img_5.jpg","e":0},{"id":"image_6","w":362,"h":650,"u":"images/","p":"img_6.jpg","e":0},{"id":"image_7","w":362,"h":650,"u":"images/","p":"img_7.jpg","e":0},{"id":"image_8","w":362,"h":650,"u":"images/","p":"img_8.jpg","e":0},{"id":"image_9","w":362,"h":650,"u":"images/","p":"img_9.jpg","e":0},{"id":"image_10","w":362,"h":650,"u":"images/","p":"img_10.jpg","e":0},{"id":"image_11","w":362,"h":650,"u":"images/","p":"img_11.jpg","e":0},{"id":"image_12","w":362,"h":650,"u":"images/","p":"img_12.jpg","e":0},{"id":"image_13","w":362,"h":650,"u":"images/","p":"img_13.jpg","e":0},{"id":"image_14","w":362,"h":650,"u":"images/","p":"img_14.jpg","e":0},{"id":"image_15","w":362,"h":650,"u":"images/","p":"img_15.jpg","e":0},{"id":"image_16","w":362,"h":650,"u":"images/","p":"img_16.jpg","e":0},{"id":"image_17","w":362,"h":650,"u":"images/","p":"img_17.jpg","e":0},{"id":"image_18","w":362,"h":650,"u":"images/","p":"img_18.jpg","e":0},{"id":"image_19","w":362,"h":650,"u":"images/","p":"img_19.jpg","e":0},{"id":"image_20","w":362,"h":650,"u":"images/","p":"img_20.jpg","e":0},{"id":"image_21","w":362,"h":650,"u":"images/","p":"img_21.jpg","e":0},{"id":"image_22","w":362,"h":650,"u":"images/","p":"img_22.jpg","e":0},{"id":"image_23","w":362,"h":650,"u":"images/","p":"img_23.jpg","e":0},{"id":"image_24","w":362,"h":650,"u":"images/","p":"img_24.jpg","e":0},{"id":"image_25","w":362,"h":650,"u":"images/","p":"img_25.jpg","e":0},{"id":"image_26","w":362,"h":650,"u":"images/","p":"img_26.jpg","e":0},{"id":"image_27","w":362,"h":650,"u":"images/","p":"img_27.jpg","e":0},{"id":"image_28","w":362,"h":650,"u":"images/","p":"img_28.jpg","e":0},{"id":"image_29","w":362,"h":650,"u":"images/","p":"img_29.jpg","e":0},{"id":"image_30","w":362,"h":650,"u":"images/","p":"img_30.jpg","e":0},{"id":"image_31","w":362,"h":650,"u":"images/","p":"img_31.jpg","e":0},{"id":"image_32","w":362,"h":650,"u":"images/","p":"img_32.jpg","e":0},{"id":"image_33","w":362,"h":650,"u":"images/","p":"img_33.jpg","e":0},{"id":"image_34","w":362,"h":650,"u":"images/","p":"img_34.jpg","e":0},{"id":"image_35","w":362,"h":650,"u":"images/","p":"img_35.jpg","e":0},{"id":"image_36","w":362,"h":650,"u":"images/","p":"img_36.jpg","e":0},{"id":"image_37","w":362,"h":650,"u":"images/","p":"img_37.jpg","e":0},{"id":"image_38","w":362,"h":650,"u":"images/","p":"img_38.jpg","e":0},{"id":"image_39","w":362,"h":650,"u":"images/","p":"img_39.jpg","e":0},{"id":"image_40","w":362,"h":650,"u":"images/","p":"img_40.jpg","e":0},{"id":"image_41","w":362,"h":650,"u":"images/","p":"img_41.jpg","e":0},{"id":"image_42","w":362,"h":650,"u":"images/","p":"img_42.jpg","e":0},{"id":"image_43","w":362,"h":650,"u":"images/","p":"img_43.jpg","e":0},{"id":"image_44","w":362,"h":650,"u":"images/","p":"img_44.jpg","e":0},{"id":"image_45","w":362,"h":650,"u":"images/","p":"img_45.jpg","e":0},{"id":"image_46","w":362,"h":650,"u":"images/","p":"img_46.jpg","e":0},{"id":"image_47","w":362,"h":650,"u":"images/","p":"img_47.jpg","e":0},{"id":"image_48","w":362,"h":650,"u":"images/","p":"img_48.jpg","e":0},{"id":"image_49","w":362,"h":650,"u":"images/","p":"img_49.jpg","e":0},{"id":"image_50","w":362,"h":650,"u":"images/","p":"img_50.jpg","e":0},{"id":"image_51","w":362,"h":650,"u":"images/","p":"img_51.jpg","e":0},{"id":"image_52","w":362,"h":650,"u":"images/","p":"img_52.jpg","e":0},{"id":"image_53","w":362,"h":650,"u":"images/","p":"img_53.jpg","e":0},{"id":"image_54","w":362,"h":650,"u":"images/","p":"img_54.jpg","e":0},{"id":"image_55","w":362,"h":650,"u":"images/","p":"img_55.jpg","e":0},{"id":"image_56","w":362,"h":650,"u":"images/","p":"img_56.jpg","e":0},{"id":"image_57","w":362,"h":650,"u":"images/","p":"img_57.jpg","e":0},{"id":"image_58","w":362,"h":650,"u":"images/","p":"img_58.jpg","e":0},{"id":"image_59","w":362,"h":650,"u":"images/","p":"img_59.jpg","e":0},{"id":"image_60","w":362,"h":650,"u":"images/","p":"img_60.jpg","e":0},{"id":"image_61","w":362,"h":650,"u":"images/","p":"img_61.jpg","e":0},{"id":"image_62","w":362,"h":650,"u":"images/","p":"img_62.jpg","e":0},{"id":"image_63","w":362,"h":650,"u":"images/","p":"img_63.jpg","e":0},{"id":"image_64","w":362,"h":650,"u":"images/","p":"img_64.jpg","e":0},{"id":"image_65","w":362,"h":650,"u":"images/","p":"img_65.jpg","e":0},{"id":"image_66","w":362,"h":650,"u":"images/","p":"img_66.jpg","e":0},{"id":"image_67","w":362,"h":650,"u":"images/","p":"img_67.jpg","e":0},{"id":"image_68","w":362,"h":650,"u":"images/","p":"img_68.jpg","e":0},{"id":"image_69","w":362,"h":650,"u":"images/","p":"img_69.jpg","e":0},{"id":"image_70","w":362,"h":650,"u":"images/","p":"img_70.jpg","e":0},{"id":"image_71","w":362,"h":650,"u":"images/","p":"img_71.jpg","e":0},{"id":"image_72","w":362,"h":650,"u":"images/","p":"img_72.jpg","e":0},{"id":"image_73","w":362,"h":650,"u":"images/","p":"img_73.jpg","e":0},{"id":"image_74","w":362,"h":650,"u":"images/","p":"img_74.jpg","e":0},{"id":"image_75","w":362,"h":650,"u":"images/","p":"img_75.jpg","e":0},{"id":"image_76","w":362,"h":650,"u":"images/","p":"img_76.jpg","e":0},{"id":"image_77","w":362,"h":650,"u":"images/","p":"img_77.jpg","e":0},{"id":"image_78","w":362,"h":650,"u":"images/","p":"img_78.jpg","e":0},{"id":"image_79","w":362,"h":650,"u":"images/","p":"img_79.jpg","e":0},{"id":"image_80","w":362,"h":650,"u":"images/","p":"img_80.jpg","e":0},{"id":"image_81","w":362,"h":650,"u":"images/","p":"img_81.jpg","e":0},{"id":"image_82","w":362,"h":650,"u":"images/","p":"img_82.jpg","e":0},{"id":"image_83","w":362,"h":650,"u":"images/","p":"img_83.jpg","e":0},{"id":"image_84","w":362,"h":650,"u":"images/","p":"img_84.jpg","e":0},{"id":"image_85","w":362,"h":650,"u":"images/","p":"img_85.jpg","e":0},{"id":"image_86","w":362,"h":650,"u":"images/","p":"img_86.jpg","e":0},{"id":"image_87","w":362,"h":650,"u":"images/","p":"img_87.jpg","e":0},{"id":"image_88","w":362,"h":650,"u":"images/","p":"img_88.jpg","e":0},{"id":"image_89","w":362,"h":650,"u":"images/","p":"img_89.jpg","e":0},{"id":"image_90","w":362,"h":650,"u":"images/","p":"img_90.jpg","e":0},{"id":"image_91","w":362,"h":650,"u":"images/","p":"img_91.jpg","e":0},{"id":"image_92","w":362,"h":650,"u":"images/","p":"img_92.jpg","e":0},{"id":"image_93","w":362,"h":650,"u":"images/","p":"img_93.jpg","e":0},{"id":"image_94","w":362,"h":650,"u":"images/","p":"img_94.jpg","e":0},{"id":"image_95","w":362,"h":650,"u":"images/","p":"img_95.jpg","e":0},{"id":"image_96","w":362,"h":650,"u":"images/","p":"img_96.jpg","e":0},{"id":"image_97","w":362,"h":650,"u":"images/","p":"img_97.jpg","e":0},{"id":"image_98","w":362,"h":650,"u":"images/","p":"img_98.jpg","e":0},{"id":"image_99","w":362,"h":650,"u":"images/","p":"img_99.jpg","e":0},{"id":"image_100","w":362,"h":650,"u":"images/","p":"img_100.jpg","e":0},{"id":"image_101","w":362,"h":650,"u":"images/","p":"img_101.jpg","e":0},{"id":"image_102","w":362,"h":650,"u":"images/","p":"img_102.jpg","e":0},{"id":"image_103","w":362,"h":650,"u":"images/","p":"img_103.jpg","e":0},{"id":"image_104","w":362,"h":650,"u":"images/","p":"img_104.jpg","e":0},{"id":"image_105","w":362,"h":650,"u":"images/","p":"img_105.jpg","e":0},{"id":"image_106","w":362,"h":650,"u":"images/","p":"img_106.jpg","e":0},{"id":"image_107","w":362,"h":650,"u":"images/","p":"img_107.jpg","e":0},{"id":"image_108","w":362,"h":650,"u":"images/","p":"img_108.jpg","e":0},{"id":"image_109","w":362,"h":650,"u":"images/","p":"img_109.jpg","e":0},{"id":"image_110","w":362,"h":650,"u":"images/","p":"img_110.jpg","e":0},{"id":"image_111","w":362,"h":650,"u":"images/","p":"img_111.jpg","e":0},{"id":"image_112","w":362,"h":650,"u":"images/","p":"img_112.jpg","e":0},{"id":"image_113","w":362,"h":650,"u":"images/","p":"img_113.jpg","e":0},{"id":"image_114","w":362,"h":650,"u":"images/","p":"img_114.jpg","e":0},{"id":"image_115","w":362,"h":650,"u":"images/","p":"img_115.jpg","e":0},{"id":"image_116","w":362,"h":650,"u":"images/","p":"img_116.jpg","e":0},{"id":"image_117","w":362,"h":650,"u":"images/","p":"img_117.jpg","e":0},{"id":"image_118","w":362,"h":650,"u":"images/","p":"img_118.jpg","e":0},{"id":"image_119","w":362,"h":650,"u":"images/","p":"img_119.jpg","e":0},{"id":"image_120","w":362,"h":650,"u":"images/","p":"img_120.jpg","e":0},{"id":"image_121","w":362,"h":650,"u":"images/","p":"img_121.jpg","e":0}],"layers":[{"ddd":0,"ind":1,"ty":2,"nm":"2444301629950_00000.png","cl":"png","refId":"image_0","sr":1,"ks":{"o":{"a":0,"k":100,"ix":11},"r":{"a":0,"k":0,"ix":10},"p":{"a":0,"k":[181,325,0],"ix":2},"a":{"a":0,"k":[181,325,0],"ix":1},"s":{"a":0,"k":[100,100,100],"ix":6}},"ao":0,"ip":0,"op":20.6666666666667,"st":0,"bm":0},{"ddd":0,"ind":2,"ty":2,"nm":"2444301629950_00001.png","cl":"png","refId":"image_1","sr":1,"ks":{"o":{"a":0,"k":100,"ix":11},"r":{"a":0,"k":0,"ix":10},"p":{"a":0,"k":[181,325,0],"ix":2},"a":{"a":0,"k":[181,325,0],"ix":1},"s":{"a":0,"k":[100,100,100],"ix":6}},"ao":0,"ip":0,"op":20.6666666666667,"st":0,"bm":0},{"ddd":0,"ind":3,"ty":2,"nm":"2444301629950_00002.png","cl":"png","refId":"image_2","sr":1,"ks":{"o":{"a":0,"k":100,"ix":11},"r":{"a":0,"k":0,"ix":10},"p":{"a":0,"k":[181,325,0],"ix":2},"a":{"a":0,"k":[181,325,0],"ix":1},"s":{"a":0,"k":[100,100,100],"ix":6}},"ao":0,"ip":0,"op":20.6666666666667,"st":0,"bm":0},{"ddd":0,"ind":4,"ty":2,"nm":"2444301629950_00003.png","cl":"png","refId":"image_3","sr":1,"ks":{"o":{"a":0,"k":100,"ix":11},"r":{"a":0,"k":0,"ix":10},"p":{"a":0,"k":[181,325,0],"ix":2},"a":{"a":0,"k":[181,325,0],"ix":1},"s":{"a":0,"k":[100,100,100],"ix":6}},"ao":0,"ip":0,"op":20.6666666666667,"st":0,"bm":0},{"ddd":0,"ind":5,"ty":2,"nm":"2444301629950_00004.png","cl":"png","refId":"image_4","sr":1,"ks":{"o":{"a":0,"k":100,"ix":11},"r":{"a":0,"k":0,"ix":10},"p":{"a":0,"k":[181,325,0],"ix":2},"a":{"a":0,"k":[181,325,0],"ix":1},"s":{"a":0,"k":[100,100,100],"ix":6}},"ao":0,"ip":0,"op":20.6666666666667,"st":0,"bm":0},{"ddd":0,"ind":6,"ty":2,"nm":"2444301629950_00005.png","cl":"png","refId":"image_5","sr":1,"ks":{"o":{"a":0,"k":100,"ix":11},"r":{"a":0,"k":0,"ix":10},"p":{"a":0,"k":[181,325,0],"ix":2},"a":{"a":0,"k":[181,325,0],"ix":1},"s":{"a":0,"k":[100,100,100],"ix":6}},"ao":0,"ip":0,"op":20.6666666666667,"st":0,"bm":0},{"ddd":0,"ind":7,"ty":2,"nm":"2444301629950_00006.png","cl":"png","refId":"image_6","sr":1,"ks":{"o":{"a":0,"k":100,"ix":11},"r":{"a":0,"k":0,"ix":10},"p":{"a":0,"k":[181,325,0],"ix":2},"a":{"a":0,"k":[181,325,0],"ix":1},"s":{"a":0,"k":[100,100,100],"ix":6}},"ao":0,"ip":0,"op":20.6666666666667,"st":0,"bm":0},{"ddd":0,"ind":8,"ty":2,"nm":"2444301629950_00007.png","cl":"png","refId":"image_7","sr":1,"ks":{"o":{"a":0,"k":100,"ix":11},"r":{"a":0,"k":0,"ix":10},"p":{"a":0,"k":[181,325,0],"ix":2},"a":{"a":0,"k":[181,325,0],"ix":1},"s":{"a":0,"k":[100,100,100],"ix":6}},"ao":0,"ip":0,"op":20.6666666666667,"st":0,"bm":0},{"ddd":0,"ind":9,"ty":2,"nm":"2444301629950_00008.png","cl":"png","refId":"image_8","sr":1,"ks":{"o":{"a":0,"k":100,"ix":11},"r":{"a":0,"k":0,"ix":10},"p":{"a":0,"k":[181,325,0],"ix":2},"a":{"a":0,"k":[181,325,0],"ix":1},"s":{"a":0,"k":[100,100,100],"ix":6}},"ao":0,"ip":0,"op":20.6666666666667,"st":0,"bm":0},{"ddd":0,"ind":10,"ty":2,"nm":"2444301629950_00009.png","cl":"png","refId":"image_9","sr":1,"ks":{"o":{"a":0,"k":100,"ix":11},"r":{"a":0,"k":0,"ix":10},"p":{"a":0,"k":[181,325,0],"ix":2},"a":{"a":0,"k":[181,325,0],"ix":1},"s":{"a":0,"k":[100,100,100],"ix":6}},"ao":0,"ip":0,"op":20.6666666666667,"st":0,"bm":0},{"ddd":0,"ind":11,"ty":2,"nm":"2444301629950_00010.png","cl":"png","refId":"image_10","sr":1,"ks":{"o":{"a":0,"k":100,"ix":11},"r":{"a":0,"k":0,"ix":10},"p":{"a":0,"k":[181,325,0],"ix":2},"a":{"a":0,"k":[181,325,0],"ix":1},"s":{"a":0,"k":[100,100,100],"ix":6}},"ao":0,"ip":0,"op":20.6666666666667,"st":0,"bm":0},{"ddd":0,"ind":12,"ty":2,"nm":"2444301629950_00011.png","cl":"png","refId":"image_11","sr":1,"ks":{"o":{"a":0,"k":100,"ix":11},"r":{"a":0,"k":0,"ix":10},"p":{"a":0,"k":[181,325,0],"ix":2},"a":{"a":0,"k":[181,325,0],"ix":1},"s":{"a":0,"k":[100,100,100],"ix":6}},"ao":0,"ip":0,"op":20.6666666666667,"st":0,"bm":0},{"ddd":0,"ind":13,"ty":2,"nm":"2444301629950_00012.png","cl":"png","refId":"image_12","sr":1,"ks":{"o":{"a":0,"k":100,"ix":11},"r":{"a":0,"k":0,"ix":10},"p":{"a":0,"k":[181,325,0],"ix":2},"a":{"a":0,"k":[181,325,0],"ix":1},"s":{"a":0,"k":[100,100,100],"ix":6}},"ao":0,"ip":0,"op":20.6666666666667,"st":0,"bm":0},{"ddd":0,"ind":14,"ty":2,"nm":"2444301629950_00013.png","cl":"png","refId":"image_13","sr":1,"ks":{"o":{"a":0,"k":100,"ix":11},"r":{"a":0,"k":0,"ix":10},"p":{"a":0,"k":[181,325,0],"ix":2},"a":{"a":0,"k":[181,325,0],"ix":1},"s":{"a":0,"k":[100,100,100],"ix":6}},"ao":0,"ip":0,"op":20.6666666666667,"st":0,"bm":0},{"ddd":0,"ind":15,"ty":2,"nm":"2444301629950_00014.png","cl":"png","refId":"image_14","sr":1,"ks":{"o":{"a":0,"k":100,"ix":11},"r":{"a":0,"k":0,"ix":10},"p":{"a":0,"k":[181,325,0],"ix":2},"a":{"a":0,"k":[181,325,0],"ix":1},"s":{"a":0,"k":[100,100,100],"ix":6}},"ao":0,"ip":0,"op":20.6666666666667,"st":0,"bm":0},{"ddd":0,"ind":16,"ty":2,"nm":"2444301629950_00015.png","cl":"png","refId":"image_15","sr":1,"ks":{"o":{"a":0,"k":100,"ix":11},"r":{"a":0,"k":0,"ix":10},"p":{"a":0,"k":[181,325,0],"ix":2},"a":{"a":0,"k":[181,325,0],"ix":1},"s":{"a":0,"k":[100,100,100],"ix":6}},"ao":0,"ip":0,"op":20.6666666666667,"st":0,"bm":0},{"ddd":0,"ind":17,"ty":2,"nm":"2444301629950_00016.png","cl":"png","refId":"image_16","sr":1,"ks":{"o":{"a":0,"k":100,"ix":11},"r":{"a":0,"k":0,"ix":10},"p":{"a":0,"k":[181,325,0],"ix":2},"a":{"a":0,"k":[181,325,0],"ix":1},"s":{"a":0,"k":[100,100,100],"ix":6}},"ao":0,"ip":0,"op":20.6666666666667,"st":0,"bm":0},{"ddd":0,"ind":18,"ty":2,"nm":"2444301629950_00017.png","cl":"png","refId":"image_17","sr":1,"ks":{"o":{"a":0,"k":100,"ix":11},"r":{"a":0,"k":0,"ix":10},"p":{"a":0,"k":[181,325,0],"ix":2},"a":{"a":0,"k":[181,325,0],"ix":1},"s":{"a":0,"k":[100,100,100],"ix":6}},"ao":0,"ip":0,"op":20.6666666666667,"st":0,"bm":0},{"ddd":0,"ind":19,"ty":2,"nm":"2444301629950_00018.png","cl":"png","refId":"image_18","sr":1,"ks":{"o":{"a":0,"k":100,"ix":11},"r":{"a":0,"k":0,"ix":10},"p":{"a":0,"k":[181,325,0],"ix":2},"a":{"a":0,"k":[181,325,0],"ix":1},"s":{"a":0,"k":[100,100,100],"ix":6}},"ao":0,"ip":0,"op":20.6666666666667,"st":0,"bm":0},{"ddd":0,"ind":20,"ty":2,"nm":"2444301629950_00019.png","cl":"png","refId":"image_19","sr":1,"ks":{"o":{"a":0,"k":100,"ix":11},"r":{"a":0,"k":0,"ix":10},"p":{"a":0,"k":[181,325,0],"ix":2},"a":{"a":0,"k":[181,325,0],"ix":1},"s":{"a":0,"k":[100,100,100],"ix":6}},"ao":0,"ip":0,"op":20.6666666666667,"st":0,"bm":0},{"ddd":0,"ind":21,"ty":2,"nm":"2444301629950_00020.png","cl":"png","refId":"image_20","sr":1,"ks":{"o":{"a":0,"k":100,"ix":11},"r":{"a":0,"k":0,"ix":10},"p":{"a":0,"k":[181,325,0],"ix":2},"a":{"a":0,"k":[181,325,0],"ix":1},"s":{"a":0,"k":[100,100,100],"ix":6}},"ao":0,"ip":0,"op":20.6666666666667,"st":0,"bm":0},{"ddd":0,"ind":22,"ty":2,"nm":"2444301629950_00021.png","cl":"png","refId":"image_21","sr":1,"ks":{"o":{"a":0,"k":100,"ix":11},"r":{"a":0,"k":0,"ix":10},"p":{"a":0,"k":[181,325,0],"ix":2},"a":{"a":0,"k":[181,325,0],"ix":1},"s":{"a":0,"k":[100,100,100],"ix":6}},"ao":0,"ip":0,"op":20.6666666666667,"st":0,"bm":0},{"ddd":0,"ind":23,"ty":2,"nm":"2444301629950_00022.png","cl":"png","refId":"image_22","sr":1,"ks":{"o":{"a":0,"k":100,"ix":11},"r":{"a":0,"k":0,"ix":10},"p":{"a":0,"k":[181,325,0],"ix":2},"a":{"a":0,"k":[181,325,0],"ix":1},"s":{"a":0,"k":[100,100,100],"ix":6}},"ao":0,"ip":0,"op":20.6666666666667,"st":0,"bm":0},{"ddd":0,"ind":24,"ty":2,"nm":"2444301629950_00023.png","cl":"png","refId":"image_23","sr":1,"ks":{"o":{"a":0,"k":100,"ix":11},"r":{"a":0,"k":0,"ix":10},"p":{"a":0,"k":[181,325,0],"ix":2},"a":{"a":0,"k":[181,325,0],"ix":1},"s":{"a":0,"k":[100,100,100],"ix":6}},"ao":0,"ip":0,"op":20.6666666666667,"st":0,"bm":0},{"ddd":0,"ind":25,"ty":2,"nm":"2444301629950_00024.png","cl":"png","refId":"image_24","sr":1,"ks":{"o":{"a":0,"k":100,"ix":11},"r":{"a":0,"k":0,"ix":10},"p":{"a":0,"k":[181,325,0],"ix":2},"a":{"a":0,"k":[181,325,0],"ix":1},"s":{"a":0,"k":[100,100,100],"ix":6}},"ao":0,"ip":0,"op":20.6666666666667,"st":0,"bm":0},{"ddd":0,"ind":26,"ty":2,"nm":"2444301629950_00025.png","cl":"png","refId":"image_25","sr":1,"ks":{"o":{"a":0,"k":100,"ix":11},"r":{"a":0,"k":0,"ix":10},"p":{"a":0,"k":[181,325,0],"ix":2},"a":{"a":0,"k":[181,325,0],"ix":1},"s":{"a":0,"k":[100,100,100],"ix":6}},"ao":0,"ip":0,"op":20.6666666666667,"st":0,"bm":0},{"ddd":0,"ind":27,"ty":2,"nm":"2444301629950_00026.png","cl":"png","refId":"image_26","sr":1,"ks":{"o":{"a":0,"k":100,"ix":11},"r":{"a":0,"k":0,"ix":10},"p":{"a":0,"k":[181,325,0],"ix":2},"a":{"a":0,"k":[181,325,0],"ix":1},"s":{"a":0,"k":[100,100,100],"ix":6}},"ao":0,"ip":0,"op":20.6666666666667,"st":0,"bm":0},{"ddd":0,"ind":28,"ty":2,"nm":"2444301629950_00027.png","cl":"png","refId":"image_27","sr":1,"ks":{"o":{"a":0,"k":100,"ix":11},"r":{"a":0,"k":0,"ix":10},"p":{"a":0,"k":[181,325,0],"ix":2},"a":{"a":0,"k":[181,325,0],"ix":1},"s":{"a":0,"k":[100,100,100],"ix":6}},"ao":0,"ip":0,"op":20.6666666666667,"st":0,"bm":0},{"ddd":0,"ind":29,"ty":2,"nm":"2444301629950_00028.png","cl":"png","refId":"image_28","sr":1,"ks":{"o":{"a":0,"k":100,"ix":11},"r":{"a":0,"k":0,"ix":10},"p":{"a":0,"k":[181,325,0],"ix":2},"a":{"a":0,"k":[181,325,0],"ix":1},"s":{"a":0,"k":[100,100,100],"ix":6}},"ao":0,"ip":0,"op":20.6666666666667,"st":0,"bm":0},{"ddd":0,"ind":30,"ty":2,"nm":"2444301629950_00029.png","cl":"png","refId":"image_29","sr":1,"ks":{"o":{"a":0,"k":100,"ix":11},"r":{"a":0,"k":0,"ix":10},"p":{"a":0,"k":[181,325,0],"ix":2},"a":{"a":0,"k":[181,325,0],"ix":1},"s":{"a":0,"k":[100,100,100],"ix":6}},"ao":0,"ip":0,"op":20.6666666666667,"st":0,"bm":0},{"ddd":0,"ind":31,"ty":2,"nm":"2444301629950_00030.png","cl":"png","refId":"image_30","sr":1,"ks":{"o":{"a":0,"k":100,"ix":11},"r":{"a":0,"k":0,"ix":10},"p":{"a":0,"k":[181,325,0],"ix":2},"a":{"a":0,"k":[181,325,0],"ix":1},"s":{"a":0,"k":[100,100,100],"ix":6}},"ao":0,"ip":0,"op":20.6666666666667,"st":0,"bm":0},{"ddd":0,"ind":32,"ty":2,"nm":"2444301629950_00031.png","cl":"png","refId":"image_31","sr":1,"ks":{"o":{"a":0,"k":100,"ix":11},"r":{"a":0,"k":0,"ix":10},"p":{"a":0,"k":[181,325,0],"ix":2},"a":{"a":0,"k":[181,325,0],"ix":1},"s":{"a":0,"k":[100,100,100],"ix":6}},"ao":0,"ip":0,"op":20.6666666666667,"st":0,"bm":0},{"ddd":0,"ind":33,"ty":2,"nm":"2444301629950_00032.png","cl":"png","refId":"image_32","sr":1,"ks":{"o":{"a":0,"k":100,"ix":11},"r":{"a":0,"k":0,"ix":10},"p":{"a":0,"k":[181,325,0],"ix":2},"a":{"a":0,"k":[181,325,0],"ix":1},"s":{"a":0,"k":[100,100,100],"ix":6}},"ao":0,"ip":0,"op":20.6666666666667,"st":0,"bm":0},{"ddd":0,"ind":34,"ty":2,"nm":"2444301629950_00033.png","cl":"png","refId":"image_33","sr":1,"ks":{"o":{"a":0,"k":100,"ix":11},"r":{"a":0,"k":0,"ix":10},"p":{"a":0,"k":[181,325,0],"ix":2},"a":{"a":0,"k":[181,325,0],"ix":1},"s":{"a":0,"k":[100,100,100],"ix":6}},"ao":0,"ip":0,"op":20.6666666666667,"st":0,"bm":0},{"ddd":0,"ind":35,"ty":2,"nm":"2444301629950_00034.png","cl":"png","refId":"image_34","sr":1,"ks":{"o":{"a":0,"k":100,"ix":11},"r":{"a":0,"k":0,"ix":10},"p":{"a":0,"k":[181,325,0],"ix":2},"a":{"a":0,"k":[181,325,0],"ix":1},"s":{"a":0,"k":[100,100,100],"ix":6}},"ao":0,"ip":0,"op":20.6666666666667,"st":0,"bm":0},{"ddd":0,"ind":36,"ty":2,"nm":"2444301629950_00035.png","cl":"png","refId":"image_35","sr":1,"ks":{"o":{"a":0,"k":100,"ix":11},"r":{"a":0,"k":0,"ix":10},"p":{"a":0,"k":[181,325,0],"ix":2},"a":{"a":0,"k":[181,325,0],"ix":1},"s":{"a":0,"k":[100,100,100],"ix":6}},"ao":0,"ip":0,"op":20.6666666666667,"st":0,"bm":0},{"ddd":0,"ind":37,"ty":2,"nm":"2444301629950_00036.png","cl":"png","refId":"image_36","sr":1,"ks":{"o":{"a":0,"k":100,"ix":11},"r":{"a":0,"k":0,"ix":10},"p":{"a":0,"k":[181,325,0],"ix":2},"a":{"a":0,"k":[181,325,0],"ix":1},"s":{"a":0,"k":[100,100,100],"ix":6}},"ao":0,"ip":0,"op":20.6666666666667,"st":0,"bm":0},{"ddd":0,"ind":38,"ty":2,"nm":"2444301629950_00037.png","cl":"png","refId":"image_37","sr":1,"ks":{"o":{"a":0,"k":100,"ix":11},"r":{"a":0,"k":0,"ix":10},"p":{"a":0,"k":[181,325,0],"ix":2},"a":{"a":0,"k":[181,325,0],"ix":1},"s":{"a":0,"k":[100,100,100],"ix":6}},"ao":0,"ip":0,"op":20.6666666666667,"st":0,"bm":0},{"ddd":0,"ind":39,"ty":2,"nm":"2444301629950_00038.png","cl":"png","refId":"image_38","sr":1,"ks":{"o":{"a":0,"k":100,"ix":11},"r":{"a":0,"k":0,"ix":10},"p":{"a":0,"k":[181,325,0],"ix":2},"a":{"a":0,"k":[181,325,0],"ix":1},"s":{"a":0,"k":[100,100,100],"ix":6}},"ao":0,"ip":0,"op":20.6666666666667,"st":0,"bm":0},{"ddd":0,"ind":40,"ty":2,"nm":"2444301629950_00039.png","cl":"png","refId":"image_39","sr":1,"ks":{"o":{"a":0,"k":100,"ix":11},"r":{"a":0,"k":0,"ix":10},"p":{"a":0,"k":[181,325,0],"ix":2},"a":{"a":0,"k":[181,325,0],"ix":1},"s":{"a":0,"k":[100,100,100],"ix":6}},"ao":0,"ip":0,"op":20.6666666666667,"st":0,"bm":0},{"ddd":0,"ind":41,"ty":2,"nm":"2444301629950_00040.png","cl":"png","refId":"image_40","sr":1,"ks":{"o":{"a":0,"k":100,"ix":11},"r":{"a":0,"k":0,"ix":10},"p":{"a":0,"k":[181,325,0],"ix":2},"a":{"a":0,"k":[181,325,0],"ix":1},"s":{"a":0,"k":[100,100,100],"ix":6}},"ao":0,"ip":0,"op":20.6666666666667,"st":0,"bm":0},{"ddd":0,"ind":42,"ty":2,"nm":"2444301629950_00041.png","cl":"png","refId":"image_41","sr":1,"ks":{"o":{"a":0,"k":100,"ix":11},"r":{"a":0,"k":0,"ix":10},"p":{"a":0,"k":[181,325,0],"ix":2},"a":{"a":0,"k":[181,325,0],"ix":1},"s":{"a":0,"k":[100,100,100],"ix":6}},"ao":0,"ip":0,"op":20.6666666666667,"st":0,"bm":0},{"ddd":0,"ind":43,"ty":2,"nm":"2444301629950_00042.png","cl":"png","refId":"image_42","sr":1,"ks":{"o":{"a":0,"k":100,"ix":11},"r":{"a":0,"k":0,"ix":10},"p":{"a":0,"k":[181,325,0],"ix":2},"a":{"a":0,"k":[181,325,0],"ix":1},"s":{"a":0,"k":[100,100,100],"ix":6}},"ao":0,"ip":0,"op":20.6666666666667,"st":0,"bm":0},{"ddd":0,"ind":44,"ty":2,"nm":"2444301629950_00043.png","cl":"png","refId":"image_43","sr":1,"ks":{"o":{"a":0,"k":100,"ix":11},"r":{"a":0,"k":0,"ix":10},"p":{"a":0,"k":[181,325,0],"ix":2},"a":{"a":0,"k":[181,325,0],"ix":1},"s":{"a":0,"k":[100,100,100],"ix":6}},"ao":0,"ip":0,"op":20.6666666666667,"st":0,"bm":0},{"ddd":0,"ind":45,"ty":2,"nm":"2444301629950_00044.png","cl":"png","refId":"image_44","sr":1,"ks":{"o":{"a":0,"k":100,"ix":11},"r":{"a":0,"k":0,"ix":10},"p":{"a":0,"k":[181,325,0],"ix":2},"a":{"a":0,"k":[181,325,0],"ix":1},"s":{"a":0,"k":[100,100,100],"ix":6}},"ao":0,"ip":0,"op":20.6666666666667,"st":0,"bm":0},{"ddd":0,"ind":46,"ty":2,"nm":"2444301629950_00045.png","cl":"png","refId":"image_45","sr":1,"ks":{"o":{"a":0,"k":100,"ix":11},"r":{"a":0,"k":0,"ix":10},"p":{"a":0,"k":[181,325,0],"ix":2},"a":{"a":0,"k":[181,325,0],"ix":1},"s":{"a":0,"k":[100,100,100],"ix":6}},"ao":0,"ip":0,"op":20.6666666666667,"st":0,"bm":0},{"ddd":0,"ind":47,"ty":2,"nm":"2444301629950_00046.png","cl":"png","refId":"image_46","sr":1,"ks":{"o":{"a":0,"k":100,"ix":11},"r":{"a":0,"k":0,"ix":10},"p":{"a":0,"k":[181,325,0],"ix":2},"a":{"a":0,"k":[181,325,0],"ix":1},"s":{"a":0,"k":[100,100,100],"ix":6}},"ao":0,"ip":0,"op":20.6666666666667,"st":0,"bm":0},{"ddd":0,"ind":48,"ty":2,"nm":"2444301629950_00047.png","cl":"png","refId":"image_47","sr":1,"ks":{"o":{"a":0,"k":100,"ix":11},"r":{"a":0,"k":0,"ix":10},"p":{"a":0,"k":[181,325,0],"ix":2},"a":{"a":0,"k":[181,325,0],"ix":1},"s":{"a":0,"k":[100,100,100],"ix":6}},"ao":0,"ip":0,"op":20.6666666666667,"st":0,"bm":0},{"ddd":0,"ind":49,"ty":2,"nm":"2444301629950_00048.png","cl":"png","refId":"image_48","sr":1,"ks":{"o":{"a":0,"k":100,"ix":11},"r":{"a":0,"k":0,"ix":10},"p":{"a":0,"k":[181,325,0],"ix":2},"a":{"a":0,"k":[181,325,0],"ix":1},"s":{"a":0,"k":[100,100,100],"ix":6}},"ao":0,"ip":0,"op":20.6666666666667,"st":0,"bm":0},{"ddd":0,"ind":50,"ty":2,"nm":"2444301629950_00049.png","cl":"png","refId":"image_49","sr":1,"ks":{"o":{"a":0,"k":100,"ix":11},"r":{"a":0,"k":0,"ix":10},"p":{"a":0,"k":[181,325,0],"ix":2},"a":{"a":0,"k":[181,325,0],"ix":1},"s":{"a":0,"k":[100,100,100],"ix":6}},"ao":0,"ip":0,"op":20.6666666666667,"st":0,"bm":0},{"ddd":0,"ind":51,"ty":2,"nm":"2444301629950_00050.png","cl":"png","refId":"image_50","sr":1,"ks":{"o":{"a":0,"k":100,"ix":11},"r":{"a":0,"k":0,"ix":10},"p":{"a":0,"k":[181,325,0],"ix":2},"a":{"a":0,"k":[181,325,0],"ix":1},"s":{"a":0,"k":[100,100,100],"ix":6}},"ao":0,"ip":0,"op":20.6666666666667,"st":0,"bm":0},{"ddd":0,"ind":52,"ty":2,"nm":"2444301629950_00051.png","cl":"png","refId":"image_51","sr":1,"ks":{"o":{"a":0,"k":100,"ix":11},"r":{"a":0,"k":0,"ix":10},"p":{"a":0,"k":[181,325,0],"ix":2},"a":{"a":0,"k":[181,325,0],"ix":1},"s":{"a":0,"k":[100,100,100],"ix":6}},"ao":0,"ip":0,"op":20.6666666666667,"st":0,"bm":0},{"ddd":0,"ind":53,"ty":2,"nm":"2444301629950_00052.png","cl":"png","refId":"image_52","sr":1,"ks":{"o":{"a":0,"k":100,"ix":11},"r":{"a":0,"k":0,"ix":10},"p":{"a":0,"k":[181,325,0],"ix":2},"a":{"a":0,"k":[181,325,0],"ix":1},"s":{"a":0,"k":[100,100,100],"ix":6}},"ao":0,"ip":0,"op":20.6666666666667,"st":0,"bm":0},{"ddd":0,"ind":54,"ty":2,"nm":"2444301629950_00053.png","cl":"png","refId":"image_53","sr":1,"ks":{"o":{"a":0,"k":100,"ix":11},"r":{"a":0,"k":0,"ix":10},"p":{"a":0,"k":[181,325,0],"ix":2},"a":{"a":0,"k":[181,325,0],"ix":1},"s":{"a":0,"k":[100,100,100],"ix":6}},"ao":0,"ip":0,"op":20.6666666666667,"st":0,"bm":0},{"ddd":0,"ind":55,"ty":2,"nm":"2444301629950_00054.png","cl":"png","refId":"image_54","sr":1,"ks":{"o":{"a":0,"k":100,"ix":11},"r":{"a":0,"k":0,"ix":10},"p":{"a":0,"k":[181,325,0],"ix":2},"a":{"a":0,"k":[181,325,0],"ix":1},"s":{"a":0,"k":[100,100,100],"ix":6}},"ao":0,"ip":0,"op":20.6666666666667,"st":0,"bm":0},{"ddd":0,"ind":56,"ty":2,"nm":"2444301629950_00055.png","cl":"png","refId":"image_55","sr":1,"ks":{"o":{"a":0,"k":100,"ix":11},"r":{"a":0,"k":0,"ix":10},"p":{"a":0,"k":[181,325,0],"ix":2},"a":{"a":0,"k":[181,325,0],"ix":1},"s":{"a":0,"k":[100,100,100],"ix":6}},"ao":0,"ip":0,"op":20.6666666666667,"st":0,"bm":0},{"ddd":0,"ind":57,"ty":2,"nm":"2444301629950_00056.png","cl":"png","refId":"image_56","sr":1,"ks":{"o":{"a":0,"k":100,"ix":11},"r":{"a":0,"k":0,"ix":10},"p":{"a":0,"k":[181,325,0],"ix":2},"a":{"a":0,"k":[181,325,0],"ix":1},"s":{"a":0,"k":[100,100,100],"ix":6}},"ao":0,"ip":0,"op":20.6666666666667,"st":0,"bm":0},{"ddd":0,"ind":58,"ty":2,"nm":"2444301629950_00057.png","cl":"png","refId":"image_57","sr":1,"ks":{"o":{"a":0,"k":100,"ix":11},"r":{"a":0,"k":0,"ix":10},"p":{"a":0,"k":[181,325,0],"ix":2},"a":{"a":0,"k":[181,325,0],"ix":1},"s":{"a":0,"k":[100,100,100],"ix":6}},"ao":0,"ip":0,"op":20.6666666666667,"st":0,"bm":0},{"ddd":0,"ind":59,"ty":2,"nm":"2444301629950_00058.png","cl":"png","refId":"image_58","sr":1,"ks":{"o":{"a":0,"k":100,"ix":11},"r":{"a":0,"k":0,"ix":10},"p":{"a":0,"k":[181,325,0],"ix":2},"a":{"a":0,"k":[181,325,0],"ix":1},"s":{"a":0,"k":[100,100,100],"ix":6}},"ao":0,"ip":0,"op":20.6666666666667,"st":0,"bm":0},{"ddd":0,"ind":60,"ty":2,"nm":"2444301629950_00059.png","cl":"png","refId":"image_59","sr":1,"ks":{"o":{"a":0,"k":100,"ix":11},"r":{"a":0,"k":0,"ix":10},"p":{"a":0,"k":[181,325,0],"ix":2},"a":{"a":0,"k":[181,325,0],"ix":1},"s":{"a":0,"k":[100,100,100],"ix":6}},"ao":0,"ip":0,"op":20.6666666666667,"st":0,"bm":0},{"ddd":0,"ind":61,"ty":2,"nm":"2444301629950_00060.png","cl":"png","refId":"image_60","sr":1,"ks":{"o":{"a":0,"k":100,"ix":11},"r":{"a":0,"k":0,"ix":10},"p":{"a":0,"k":[181,325,0],"ix":2},"a":{"a":0,"k":[181,325,0],"ix":1},"s":{"a":0,"k":[100,100,100],"ix":6}},"ao":0,"ip":0,"op":20.6666666666667,"st":0,"bm":0},{"ddd":0,"ind":62,"ty":2,"nm":"2444301629950_00061.png","cl":"png","refId":"image_61","sr":1,"ks":{"o":{"a":0,"k":100,"ix":11},"r":{"a":0,"k":0,"ix":10},"p":{"a":0,"k":[181,325,0],"ix":2},"a":{"a":0,"k":[181,325,0],"ix":1},"s":{"a":0,"k":[100,100,100],"ix":6}},"ao":0,"ip":0,"op":20.6666666666667,"st":0,"bm":0},{"ddd":0,"ind":63,"ty":2,"nm":"2444301629950_00062.png","cl":"png","refId":"image_62","sr":1,"ks":{"o":{"a":0,"k":100,"ix":11},"r":{"a":0,"k":0,"ix":10},"p":{"a":0,"k":[181,325,0],"ix":2},"a":{"a":0,"k":[181,325,0],"ix":1},"s":{"a":0,"k":[100,100,100],"ix":6}},"ao":0,"ip":0,"op":20.6666666666667,"st":0,"bm":0},{"ddd":0,"ind":64,"ty":2,"nm":"2444301629950_00063.png","cl":"png","refId":"image_63","sr":1,"ks":{"o":{"a":0,"k":100,"ix":11},"r":{"a":0,"k":0,"ix":10},"p":{"a":0,"k":[181,325,0],"ix":2},"a":{"a":0,"k":[181,325,0],"ix":1},"s":{"a":0,"k":[100,100,100],"ix":6}},"ao":0,"ip":0,"op":20.6666666666667,"st":0,"bm":0},{"ddd":0,"ind":65,"ty":2,"nm":"2444301629950_00064.png","cl":"png","refId":"image_64","sr":1,"ks":{"o":{"a":0,"k":100,"ix":11},"r":{"a":0,"k":0,"ix":10},"p":{"a":0,"k":[181,325,0],"ix":2},"a":{"a":0,"k":[181,325,0],"ix":1},"s":{"a":0,"k":[100,100,100],"ix":6}},"ao":0,"ip":0,"op":20.6666666666667,"st":0,"bm":0},{"ddd":0,"ind":66,"ty":2,"nm":"2444301629950_00065.png","cl":"png","refId":"image_65","sr":1,"ks":{"o":{"a":0,"k":100,"ix":11},"r":{"a":0,"k":0,"ix":10},"p":{"a":0,"k":[181,325,0],"ix":2},"a":{"a":0,"k":[181,325,0],"ix":1},"s":{"a":0,"k":[100,100,100],"ix":6}},"ao":0,"ip":0,"op":20.6666666666667,"st":0,"bm":0},{"ddd":0,"ind":67,"ty":2,"nm":"2444301629950_00066.png","cl":"png","refId":"image_66","sr":1,"ks":{"o":{"a":0,"k":100,"ix":11},"r":{"a":0,"k":0,"ix":10},"p":{"a":0,"k":[181,325,0],"ix":2},"a":{"a":0,"k":[181,325,0],"ix":1},"s":{"a":0,"k":[100,100,100],"ix":6}},"ao":0,"ip":0,"op":20.6666666666667,"st":0,"bm":0},{"ddd":0,"ind":68,"ty":2,"nm":"2444301629950_00067.png","cl":"png","refId":"image_67","sr":1,"ks":{"o":{"a":0,"k":100,"ix":11},"r":{"a":0,"k":0,"ix":10},"p":{"a":0,"k":[181,325,0],"ix":2},"a":{"a":0,"k":[181,325,0],"ix":1},"s":{"a":0,"k":[100,100,100],"ix":6}},"ao":0,"ip":0,"op":20.6666666666667,"st":0,"bm":0},{"ddd":0,"ind":69,"ty":2,"nm":"2444301629950_00068.png","cl":"png","refId":"image_68","sr":1,"ks":{"o":{"a":0,"k":100,"ix":11},"r":{"a":0,"k":0,"ix":10},"p":{"a":0,"k":[181,325,0],"ix":2},"a":{"a":0,"k":[181,325,0],"ix":1},"s":{"a":0,"k":[100,100,100],"ix":6}},"ao":0,"ip":0,"op":20.6666666666667,"st":0,"bm":0},{"ddd":0,"ind":70,"ty":2,"nm":"2444301629950_00069.png","cl":"png","refId":"image_69","sr":1,"ks":{"o":{"a":0,"k":100,"ix":11},"r":{"a":0,"k":0,"ix":10},"p":{"a":0,"k":[181,325,0],"ix":2},"a":{"a":0,"k":[181,325,0],"ix":1},"s":{"a":0,"k":[100,100,100],"ix":6}},"ao":0,"ip":0,"op":20.6666666666667,"st":0,"bm":0},{"ddd":0,"ind":71,"ty":2,"nm":"2444301629950_00070.png","cl":"png","refId":"image_70","sr":1,"ks":{"o":{"a":0,"k":100,"ix":11},"r":{"a":0,"k":0,"ix":10},"p":{"a":0,"k":[181,325,0],"ix":2},"a":{"a":0,"k":[181,325,0],"ix":1},"s":{"a":0,"k":[100,100,100],"ix":6}},"ao":0,"ip":0,"op":20.6666666666667,"st":0,"bm":0},{"ddd":0,"ind":72,"ty":2,"nm":"2444301629950_00071.png","cl":"png","refId":"image_71","sr":1,"ks":{"o":{"a":0,"k":100,"ix":11},"r":{"a":0,"k":0,"ix":10},"p":{"a":0,"k":[181,325,0],"ix":2},"a":{"a":0,"k":[181,325,0],"ix":1},"s":{"a":0,"k":[100,100,100],"ix":6}},"ao":0,"ip":0,"op":20.6666666666667,"st":0,"bm":0},{"ddd":0,"ind":73,"ty":2,"nm":"2444301629950_00072.png","cl":"png","refId":"image_72","sr":1,"ks":{"o":{"a":0,"k":100,"ix":11},"r":{"a":0,"k":0,"ix":10},"p":{"a":0,"k":[181,325,0],"ix":2},"a":{"a":0,"k":[181,325,0],"ix":1},"s":{"a":0,"k":[100,100,100],"ix":6}},"ao":0,"ip":0,"op":20.6666666666667,"st":0,"bm":0},{"ddd":0,"ind":74,"ty":2,"nm":"2444301629950_00073.png","cl":"png","refId":"image_73","sr":1,"ks":{"o":{"a":0,"k":100,"ix":11},"r":{"a":0,"k":0,"ix":10},"p":{"a":0,"k":[181,325,0],"ix":2},"a":{"a":0,"k":[181,325,0],"ix":1},"s":{"a":0,"k":[100,100,100],"ix":6}},"ao":0,"ip":0,"op":20.6666666666667,"st":0,"bm":0},{"ddd":0,"ind":75,"ty":2,"nm":"2444301629950_00074.png","cl":"png","refId":"image_74","sr":1,"ks":{"o":{"a":0,"k":100,"ix":11},"r":{"a":0,"k":0,"ix":10},"p":{"a":0,"k":[181,325,0],"ix":2},"a":{"a":0,"k":[181,325,0],"ix":1},"s":{"a":0,"k":[100,100,100],"ix":6}},"ao":0,"ip":0,"op":20.6666666666667,"st":0,"bm":0},{"ddd":0,"ind":76,"ty":2,"nm":"2444301629950_00075.png","cl":"png","refId":"image_75","sr":1,"ks":{"o":{"a":0,"k":100,"ix":11},"r":{"a":0,"k":0,"ix":10},"p":{"a":0,"k":[181,325,0],"ix":2},"a":{"a":0,"k":[181,325,0],"ix":1},"s":{"a":0,"k":[100,100,100],"ix":6}},"ao":0,"ip":0,"op":20.6666666666667,"st":0,"bm":0},{"ddd":0,"ind":77,"ty":2,"nm":"2444301629950_00076.png","cl":"png","refId":"image_76","sr":1,"ks":{"o":{"a":0,"k":100,"ix":11},"r":{"a":0,"k":0,"ix":10},"p":{"a":0,"k":[181,325,0],"ix":2},"a":{"a":0,"k":[181,325,0],"ix":1},"s":{"a":0,"k":[100,100,100],"ix":6}},"ao":0,"ip":0,"op":20.6666666666667,"st":0,"bm":0},{"ddd":0,"ind":78,"ty":2,"nm":"2444301629950_00077.png","cl":"png","refId":"image_77","sr":1,"ks":{"o":{"a":0,"k":100,"ix":11},"r":{"a":0,"k":0,"ix":10},"p":{"a":0,"k":[181,325,0],"ix":2},"a":{"a":0,"k":[181,325,0],"ix":1},"s":{"a":0,"k":[100,100,100],"ix":6}},"ao":0,"ip":0,"op":20.6666666666667,"st":0,"bm":0},{"ddd":0,"ind":79,"ty":2,"nm":"2444301629950_00078.png","cl":"png","refId":"image_78","sr":1,"ks":{"o":{"a":0,"k":100,"ix":11},"r":{"a":0,"k":0,"ix":10},"p":{"a":0,"k":[181,325,0],"ix":2},"a":{"a":0,"k":[181,325,0],"ix":1},"s":{"a":0,"k":[100,100,100],"ix":6}},"ao":0,"ip":0,"op":20.6666666666667,"st":0,"bm":0},{"ddd":0,"ind":80,"ty":2,"nm":"2444301629950_00079.png","cl":"png","refId":"image_79","sr":1,"ks":{"o":{"a":0,"k":100,"ix":11},"r":{"a":0,"k":0,"ix":10},"p":{"a":0,"k":[181,325,0],"ix":2},"a":{"a":0,"k":[181,325,0],"ix":1},"s":{"a":0,"k":[100,100,100],"ix":6}},"ao":0,"ip":0,"op":20.6666666666667,"st":0,"bm":0},{"ddd":0,"ind":81,"ty":2,"nm":"2444301629950_00080.png","cl":"png","refId":"image_80","sr":1,"ks":{"o":{"a":0,"k":100,"ix":11},"r":{"a":0,"k":0,"ix":10},"p":{"a":0,"k":[181,325,0],"ix":2},"a":{"a":0,"k":[181,325,0],"ix":1},"s":{"a":0,"k":[100,100,100],"ix":6}},"ao":0,"ip":0,"op":20.6666666666667,"st":0,"bm":0},{"ddd":0,"ind":82,"ty":2,"nm":"2444301629950_00081.png","cl":"png","refId":"image_81","sr":1,"ks":{"o":{"a":0,"k":100,"ix":11},"r":{"a":0,"k":0,"ix":10},"p":{"a":0,"k":[181,325,0],"ix":2},"a":{"a":0,"k":[181,325,0],"ix":1},"s":{"a":0,"k":[100,100,100],"ix":6}},"ao":0,"ip":0,"op":20.6666666666667,"st":0,"bm":0},{"ddd":0,"ind":83,"ty":2,"nm":"2444301629950_00082.png","cl":"png","refId":"image_82","sr":1,"ks":{"o":{"a":0,"k":100,"ix":11},"r":{"a":0,"k":0,"ix":10},"p":{"a":0,"k":[181,325,0],"ix":2},"a":{"a":0,"k":[181,325,0],"ix":1},"s":{"a":0,"k":[100,100,100],"ix":6}},"ao":0,"ip":0,"op":20.6666666666667,"st":0,"bm":0},{"ddd":0,"ind":84,"ty":2,"nm":"2444301629950_00083.png","cl":"png","refId":"image_83","sr":1,"ks":{"o":{"a":0,"k":100,"ix":11},"r":{"a":0,"k":0,"ix":10},"p":{"a":0,"k":[181,325,0],"ix":2},"a":{"a":0,"k":[181,325,0],"ix":1},"s":{"a":0,"k":[100,100,100],"ix":6}},"ao":0,"ip":0,"op":20.6666666666667,"st":0,"bm":0},{"ddd":0,"ind":85,"ty":2,"nm":"2444301629950_00084.png","cl":"png","refId":"image_84","sr":1,"ks":{"o":{"a":0,"k":100,"ix":11},"r":{"a":0,"k":0,"ix":10},"p":{"a":0,"k":[181,325,0],"ix":2},"a":{"a":0,"k":[181,325,0],"ix":1},"s":{"a":0,"k":[100,100,100],"ix":6}},"ao":0,"ip":0,"op":20.6666666666667,"st":0,"bm":0},{"ddd":0,"ind":86,"ty":2,"nm":"2444301629950_00085.png","cl":"png","refId":"image_85","sr":1,"ks":{"o":{"a":0,"k":100,"ix":11},"r":{"a":0,"k":0,"ix":10},"p":{"a":0,"k":[181,325,0],"ix":2},"a":{"a":0,"k":[181,325,0],"ix":1},"s":{"a":0,"k":[100,100,100],"ix":6}},"ao":0,"ip":0,"op":20.6666666666667,"st":0,"bm":0},{"ddd":0,"ind":87,"ty":2,"nm":"2444301629950_00086.png","cl":"png","refId":"image_86","sr":1,"ks":{"o":{"a":0,"k":100,"ix":11},"r":{"a":0,"k":0,"ix":10},"p":{"a":0,"k":[181,325,0],"ix":2},"a":{"a":0,"k":[181,325,0],"ix":1},"s":{"a":0,"k":[100,100,100],"ix":6}},"ao":0,"ip":0,"op":20.6666666666667,"st":0,"bm":0},{"ddd":0,"ind":88,"ty":2,"nm":"2444301629950_00087.png","cl":"png","refId":"image_87","sr":1,"ks":{"o":{"a":0,"k":100,"ix":11},"r":{"a":0,"k":0,"ix":10},"p":{"a":0,"k":[181,325,0],"ix":2},"a":{"a":0,"k":[181,325,0],"ix":1},"s":{"a":0,"k":[100,100,100],"ix":6}},"ao":0,"ip":0,"op":20.6666666666667,"st":0,"bm":0},{"ddd":0,"ind":89,"ty":2,"nm":"2444301629950_00088.png","cl":"png","refId":"image_88","sr":1,"ks":{"o":{"a":0,"k":100,"ix":11},"r":{"a":0,"k":0,"ix":10},"p":{"a":0,"k":[181,325,0],"ix":2},"a":{"a":0,"k":[181,325,0],"ix":1},"s":{"a":0,"k":[100,100,100],"ix":6}},"ao":0,"ip":0,"op":20.6666666666667,"st":0,"bm":0},{"ddd":0,"ind":90,"ty":2,"nm":"2444301629950_00089.png","cl":"png","refId":"image_89","sr":1,"ks":{"o":{"a":0,"k":100,"ix":11},"r":{"a":0,"k":0,"ix":10},"p":{"a":0,"k":[181,325,0],"ix":2},"a":{"a":0,"k":[181,325,0],"ix":1},"s":{"a":0,"k":[100,100,100],"ix":6}},"ao":0,"ip":0,"op":20.6666666666667,"st":0,"bm":0},{"ddd":0,"ind":91,"ty":2,"nm":"2444301629950_00090.png","cl":"png","refId":"image_90","sr":1,"ks":{"o":{"a":0,"k":100,"ix":11},"r":{"a":0,"k":0,"ix":10},"p":{"a":0,"k":[181,325,0],"ix":2},"a":{"a":0,"k":[181,325,0],"ix":1},"s":{"a":0,"k":[100,100,100],"ix":6}},"ao":0,"ip":0,"op":20.6666666666667,"st":0,"bm":0},{"ddd":0,"ind":92,"ty":2,"nm":"2444301629950_00091.png","cl":"png","refId":"image_91","sr":1,"ks":{"o":{"a":0,"k":100,"ix":11},"r":{"a":0,"k":0,"ix":10},"p":{"a":0,"k":[181,325,0],"ix":2},"a":{"a":0,"k":[181,325,0],"ix":1},"s":{"a":0,"k":[100,100,100],"ix":6}},"ao":0,"ip":0,"op":20.6666666666667,"st":0,"bm":0},{"ddd":0,"ind":93,"ty":2,"nm":"2444301629950_00092.png","cl":"png","refId":"image_92","sr":1,"ks":{"o":{"a":0,"k":100,"ix":11},"r":{"a":0,"k":0,"ix":10},"p":{"a":0,"k":[181,325,0],"ix":2},"a":{"a":0,"k":[181,325,0],"ix":1},"s":{"a":0,"k":[100,100,100],"ix":6}},"ao":0,"ip":0,"op":20.6666666666667,"st":0,"bm":0},{"ddd":0,"ind":94,"ty":2,"nm":"2444301629950_00093.png","cl":"png","refId":"image_93","sr":1,"ks":{"o":{"a":0,"k":100,"ix":11},"r":{"a":0,"k":0,"ix":10},"p":{"a":0,"k":[181,325,0],"ix":2},"a":{"a":0,"k":[181,325,0],"ix":1},"s":{"a":0,"k":[100,100,100],"ix":6}},"ao":0,"ip":0,"op":20.6666666666667,"st":0,"bm":0},{"ddd":0,"ind":95,"ty":2,"nm":"2444301629950_00094.png","cl":"png","refId":"image_94","sr":1,"ks":{"o":{"a":0,"k":100,"ix":11},"r":{"a":0,"k":0,"ix":10},"p":{"a":0,"k":[181,325,0],"ix":2},"a":{"a":0,"k":[181,325,0],"ix":1},"s":{"a":0,"k":[100,100,100],"ix":6}},"ao":0,"ip":0,"op":20.6666666666667,"st":0,"bm":0},{"ddd":0,"ind":96,"ty":2,"nm":"2444301629950_00095.png","cl":"png","refId":"image_95","sr":1,"ks":{"o":{"a":0,"k":100,"ix":11},"r":{"a":0,"k":0,"ix":10},"p":{"a":0,"k":[181,325,0],"ix":2},"a":{"a":0,"k":[181,325,0],"ix":1},"s":{"a":0,"k":[100,100,100],"ix":6}},"ao":0,"ip":0,"op":20.6666666666667,"st":0,"bm":0},{"ddd":0,"ind":97,"ty":2,"nm":"2444301629950_00096.png","cl":"png","refId":"image_96","sr":1,"ks":{"o":{"a":0,"k":100,"ix":11},"r":{"a":0,"k":0,"ix":10},"p":{"a":0,"k":[181,325,0],"ix":2},"a":{"a":0,"k":[181,325,0],"ix":1},"s":{"a":0,"k":[100,100,100],"ix":6}},"ao":0,"ip":0,"op":20.6666666666667,"st":0,"bm":0},{"ddd":0,"ind":98,"ty":2,"nm":"2444301629950_00097.png","cl":"png","refId":"image_97","sr":1,"ks":{"o":{"a":0,"k":100,"ix":11},"r":{"a":0,"k":0,"ix":10},"p":{"a":0,"k":[181,325,0],"ix":2},"a":{"a":0,"k":[181,325,0],"ix":1},"s":{"a":0,"k":[100,100,100],"ix":6}},"ao":0,"ip":0,"op":20.6666666666667,"st":0,"bm":0},{"ddd":0,"ind":99,"ty":2,"nm":"2444301629950_00098.png","cl":"png","refId":"image_98","sr":1,"ks":{"o":{"a":0,"k":100,"ix":11},"r":{"a":0,"k":0,"ix":10},"p":{"a":0,"k":[181,325,0],"ix":2},"a":{"a":0,"k":[181,325,0],"ix":1},"s":{"a":0,"k":[100,100,100],"ix":6}},"ao":0,"ip":0,"op":20.6666666666667,"st":0,"bm":0},{"ddd":0,"ind":100,"ty":2,"nm":"2444301629950_00099.png","cl":"png","refId":"image_99","sr":1,"ks":{"o":{"a":0,"k":100,"ix":11},"r":{"a":0,"k":0,"ix":10},"p":{"a":0,"k":[181,325,0],"ix":2},"a":{"a":0,"k":[181,325,0],"ix":1},"s":{"a":0,"k":[100,100,100],"ix":6}},"ao":0,"ip":0,"op":20.6666666666667,"st":0,"bm":0},{"ddd":0,"ind":101,"ty":2,"nm":"2444301629950_00100.png","cl":"png","refId":"image_100","sr":1,"ks":{"o":{"a":0,"k":100,"ix":11},"r":{"a":0,"k":0,"ix":10},"p":{"a":0,"k":[181,325,0],"ix":2},"a":{"a":0,"k":[181,325,0],"ix":1},"s":{"a":0,"k":[100,100,100],"ix":6}},"ao":0,"ip":0,"op":20.6666666666667,"st":0,"bm":0},{"ddd":0,"ind":102,"ty":2,"nm":"2444301629950_00101.png","cl":"png","refId":"image_101","sr":1,"ks":{"o":{"a":0,"k":100,"ix":11},"r":{"a":0,"k":0,"ix":10},"p":{"a":0,"k":[181,325,0],"ix":2},"a":{"a":0,"k":[181,325,0],"ix":1},"s":{"a":0,"k":[100,100,100],"ix":6}},"ao":0,"ip":0,"op":20.6666666666667,"st":0,"bm":0},{"ddd":0,"ind":103,"ty":2,"nm":"2444301629950_00102.png","cl":"png","refId":"image_102","sr":1,"ks":{"o":{"a":0,"k":100,"ix":11},"r":{"a":0,"k":0,"ix":10},"p":{"a":0,"k":[181,325,0],"ix":2},"a":{"a":0,"k":[181,325,0],"ix":1},"s":{"a":0,"k":[100,100,100],"ix":6}},"ao":0,"ip":0,"op":20.6666666666667,"st":0,"bm":0},{"ddd":0,"ind":104,"ty":2,"nm":"2444301629950_00103.png","cl":"png","refId":"image_103","sr":1,"ks":{"o":{"a":0,"k":100,"ix":11},"r":{"a":0,"k":0,"ix":10},"p":{"a":0,"k":[181,325,0],"ix":2},"a":{"a":0,"k":[181,325,0],"ix":1},"s":{"a":0,"k":[100,100,100],"ix":6}},"ao":0,"ip":0,"op":20.6666666666667,"st":0,"bm":0},{"ddd":0,"ind":105,"ty":2,"nm":"2444301629950_00104.png","cl":"png","refId":"image_104","sr":1,"ks":{"o":{"a":0,"k":100,"ix":11},"r":{"a":0,"k":0,"ix":10},"p":{"a":0,"k":[181,325,0],"ix":2},"a":{"a":0,"k":[181,325,0],"ix":1},"s":{"a":0,"k":[100,100,100],"ix":6}},"ao":0,"ip":0,"op":20.6666666666667,"st":0,"bm":0},{"ddd":0,"ind":106,"ty":2,"nm":"2444301629950_00105.png","cl":"png","refId":"image_105","sr":1,"ks":{"o":{"a":0,"k":100,"ix":11},"r":{"a":0,"k":0,"ix":10},"p":{"a":0,"k":[181,325,0],"ix":2},"a":{"a":0,"k":[181,325,0],"ix":1},"s":{"a":0,"k":[100,100,100],"ix":6}},"ao":0,"ip":0,"op":20.6666666666667,"st":0,"bm":0},{"ddd":0,"ind":107,"ty":2,"nm":"2444301629950_00106.png","cl":"png","refId":"image_106","sr":1,"ks":{"o":{"a":0,"k":100,"ix":11},"r":{"a":0,"k":0,"ix":10},"p":{"a":0,"k":[181,325,0],"ix":2},"a":{"a":0,"k":[181,325,0],"ix":1},"s":{"a":0,"k":[100,100,100],"ix":6}},"ao":0,"ip":0,"op":20.6666666666667,"st":0,"bm":0},{"ddd":0,"ind":108,"ty":2,"nm":"2444301629950_00107.png","cl":"png","refId":"image_107","sr":1,"ks":{"o":{"a":0,"k":100,"ix":11},"r":{"a":0,"k":0,"ix":10},"p":{"a":0,"k":[181,325,0],"ix":2},"a":{"a":0,"k":[181,325,0],"ix":1},"s":{"a":0,"k":[100,100,100],"ix":6}},"ao":0,"ip":0,"op":20.6666666666667,"st":0,"bm":0},{"ddd":0,"ind":109,"ty":2,"nm":"2444301629950_00108.png","cl":"png","refId":"image_108","sr":1,"ks":{"o":{"a":0,"k":100,"ix":11},"r":{"a":0,"k":0,"ix":10},"p":{"a":0,"k":[181,325,0],"ix":2},"a":{"a":0,"k":[181,325,0],"ix":1},"s":{"a":0,"k":[100,100,100],"ix":6}},"ao":0,"ip":0,"op":20.6666666666667,"st":0,"bm":0},{"ddd":0,"ind":110,"ty":2,"nm":"2444301629950_00109.png","cl":"png","refId":"image_109","sr":1,"ks":{"o":{"a":0,"k":100,"ix":11},"r":{"a":0,"k":0,"ix":10},"p":{"a":0,"k":[181,325,0],"ix":2},"a":{"a":0,"k":[181,325,0],"ix":1},"s":{"a":0,"k":[100,100,100],"ix":6}},"ao":0,"ip":0,"op":20.6666666666667,"st":0,"bm":0},{"ddd":0,"ind":111,"ty":2,"nm":"2444301629950_00110.png","cl":"png","refId":"image_110","sr":1,"ks":{"o":{"a":0,"k":100,"ix":11},"r":{"a":0,"k":0,"ix":10},"p":{"a":0,"k":[181,325,0],"ix":2},"a":{"a":0,"k":[181,325,0],"ix":1},"s":{"a":0,"k":[100,100,100],"ix":6}},"ao":0,"ip":0,"op":20.6666666666667,"st":0,"bm":0},{"ddd":0,"ind":112,"ty":2,"nm":"2444301629950_00111.png","cl":"png","refId":"image_111","sr":1,"ks":{"o":{"a":0,"k":100,"ix":11},"r":{"a":0,"k":0,"ix":10},"p":{"a":0,"k":[181,325,0],"ix":2},"a":{"a":0,"k":[181,325,0],"ix":1},"s":{"a":0,"k":[100,100,100],"ix":6}},"ao":0,"ip":0,"op":20.6666666666667,"st":0,"bm":0},{"ddd":0,"ind":113,"ty":2,"nm":"2444301629950_00112.png","cl":"png","refId":"image_112","sr":1,"ks":{"o":{"a":0,"k":100,"ix":11},"r":{"a":0,"k":0,"ix":10},"p":{"a":0,"k":[181,325,0],"ix":2},"a":{"a":0,"k":[181,325,0],"ix":1},"s":{"a":0,"k":[100,100,100],"ix":6}},"ao":0,"ip":0,"op":20.6666666666667,"st":0,"bm":0},{"ddd":0,"ind":114,"ty":2,"nm":"2444301629950_00113.png","cl":"png","refId":"image_113","sr":1,"ks":{"o":{"a":0,"k":100,"ix":11},"r":{"a":0,"k":0,"ix":10},"p":{"a":0,"k":[181,325,0],"ix":2},"a":{"a":0,"k":[181,325,0],"ix":1},"s":{"a":0,"k":[100,100,100],"ix":6}},"ao":0,"ip":0,"op":20.6666666666667,"st":0,"bm":0},{"ddd":0,"ind":115,"ty":2,"nm":"2444301629950_00114.png","cl":"png","refId":"image_114","sr":1,"ks":{"o":{"a":0,"k":100,"ix":11},"r":{"a":0,"k":0,"ix":10},"p":{"a":0,"k":[181,325,0],"ix":2},"a":{"a":0,"k":[181,325,0],"ix":1},"s":{"a":0,"k":[100,100,100],"ix":6}},"ao":0,"ip":0,"op":20.6666666666667,"st":0,"bm":0},{"ddd":0,"ind":116,"ty":2,"nm":"2444301629950_00115.png","cl":"png","refId":"image_115","sr":1,"ks":{"o":{"a":0,"k":100,"ix":11},"r":{"a":0,"k":0,"ix":10},"p":{"a":0,"k":[181,325,0],"ix":2},"a":{"a":0,"k":[181,325,0],"ix":1},"s":{"a":0,"k":[100,100,100],"ix":6}},"ao":0,"ip":0,"op":20.6666666666667,"st":0,"bm":0},{"ddd":0,"ind":117,"ty":2,"nm":"2444301629950_00116.png","cl":"png","refId":"image_116","sr":1,"ks":{"o":{"a":0,"k":100,"ix":11},"r":{"a":0,"k":0,"ix":10},"p":{"a":0,"k":[181,325,0],"ix":2},"a":{"a":0,"k":[181,325,0],"ix":1},"s":{"a":0,"k":[100,100,100],"ix":6}},"ao":0,"ip":0,"op":20.6666666666667,"st":0,"bm":0},{"ddd":0,"ind":118,"ty":2,"nm":"2444301629950_00117.png","cl":"png","refId":"image_117","sr":1,"ks":{"o":{"a":0,"k":100,"ix":11},"r":{"a":0,"k":0,"ix":10},"p":{"a":0,"k":[181,325,0],"ix":2},"a":{"a":0,"k":[181,325,0],"ix":1},"s":{"a":0,"k":[100,100,100],"ix":6}},"ao":0,"ip":0,"op":20.6666666666667,"st":0,"bm":0},{"ddd":0,"ind":119,"ty":2,"nm":"2444301629950_00118.png","cl":"png","refId":"image_118","sr":1,"ks":{"o":{"a":0,"k":100,"ix":11},"r":{"a":0,"k":0,"ix":10},"p":{"a":0,"k":[181,325,0],"ix":2},"a":{"a":0,"k":[181,325,0],"ix":1},"s":{"a":0,"k":[100,100,100],"ix":6}},"ao":0,"ip":0,"op":20.6666666666667,"st":0,"bm":0},{"ddd":0,"ind":120,"ty":2,"nm":"2444301629950_00119.png","cl":"png","refId":"image_119","sr":1,"ks":{"o":{"a":0,"k":100,"ix":11},"r":{"a":0,"k":0,"ix":10},"p":{"a":0,"k":[181,325,0],"ix":2},"a":{"a":0,"k":[181,325,0],"ix":1},"s":{"a":0,"k":[100,100,100],"ix":6}},"ao":0,"ip":0,"op":20.6666666666667,"st":0,"bm":0},{"ddd":0,"ind":121,"ty":2,"nm":"2444301629950_00120.png","cl":"png","refId":"image_120","sr":1,"ks":{"o":{"a":0,"k":100,"ix":11},"r":{"a":0,"k":0,"ix":10},"p":{"a":0,"k":[181,325,0],"ix":2},"a":{"a":0,"k":[181,325,0],"ix":1},"s":{"a":0,"k":[100,100,100],"ix":6}},"ao":0,"ip":0,"op":20.6666666666667,"st":0,"bm":0},{"ddd":0,"ind":122,"ty":2,"nm":"2444301629950_00121.png","cl":"png","refId":"image_121","sr":1,"ks":{"o":{"a":0,"k":100,"ix":11},"r":{"a":0,"k":0,"ix":10},"p":{"a":0,"k":[181,325,0],"ix":2},"a":{"a":0,"k":[181,325,0],"ix":1},"s":{"a":0,"k":[100,100,100],"ix":6}},"ao":0,"ip":0,"op":20.6666666666667,"st":0,"bm":0}],"markers":[]}